,核一,核二,協和,林口,T0,T1,大潭,T2,桂山,T3,石門,新桃,T4,T5,T6,T7,卓蘭,和平,T8,台中,T9,T10,T11,T12,T13,T14,彰濱光電,T15,T16,T17,大觀二,明潭,麥寮,嘉惠,T18,森霸,T19,T20,興達,T21,T22,T23,南部,T24,T25,T26,大林,T27,核能
核一,,1,,,1,1,,,,,,,,,,,,,,,,,,,,,,,,,,,,,,,,,,,,,,,,,,,
核二,1,,1,,1,,,,,,,,,,,,,,,,,,,,,,,,,,,,,,,,,,,,,,,,,,,,
協和,,1,,,,,,,,1,,,,,,,,,,,,,,,,,,,,,,,,,,,,,,,,,,,,,,,
林口,,,,,,1,,,,,,,,,,,,,,,,,,,,,,,,,,,,,,,,,,,,,,,,,,,
T0,1,1,,,,,,,1,,,,,,,,,,,,,,,,,,,,,,,,,,,,,,,,,,,,,,,,
T1,1,,,1,,,,,,,1,,,,,,,,,,,,,,,,,,,,,,,,,,,,,,,,,,,,,,
大潭,,,,,,,,,,,,,1,,,,,,,,,,,,,,,,,,,,,,,,,,,,,,,,,,,,
T2,,,,,,,,,1,,,1,,,,,,,,,,,,,,,,,,,,,,,,,,,,,,,,,,,,,
桂山,,,,,1,,,1,,1,,,,,,,,,,,,,,,,,,,,,,,,,,,,,,,,,,,,,,,
T3,,,1,,,,,,1,,,,1,,,1,,,,,,,,,,,,,,,,,,,,,,,,,,,,,,,,,
石門,,,,,,1,,,,,,1,,,,,,,,,,,,,,,,,,,,,,,,,,,,,,,,,,,,,
新桃,,,,,,,,1,,,1,,1,,,,,,,,,,,,,,,,,,,,,,,,,,,,,,,,,,,,
T4,,,,,,,1,,,1,,1,,1,1,1,,,,,,,1,,,1,,,,1,,,,,,,,,,,,,,,,,,,
T5,,,,,,,,,,,,,1,,1,,,,,,,,,,,,,,,,,,,,,,,,,,,,,,,,,,
T6,,,,,,,,,,,,,1,1,,,1,,,,,,,,,1,,,,1,,,,,,,,,,,,,,,,,,,
T7,,,,,,,,,,1,,,1,,,,,1,,,,,,,,,,,,,,,,,,,,,,,,,,,,,,,
卓蘭,,,,,,,,,,,,,,,1,,,,1,,,,,,,,,,,,,,,,,,,,,,,,,,,,,,
和平,,,,,,,,,,,,,,,,1,,,,,,,,,,,,,,,,,,,,,,,,,,,,,,,,,
T8,,,,,,,,,,,,,,,,,1,,,1,,1,,,,,,,,,,,,,,,,,,,,,,,,,,,
台中,,,,,,,,,,,,,,,,,,,1,,1,1,,1,1,,,,,,,,,,,,,,,,,,,,,,,,
T9,,,,,,,,,,,,,,,,,,,,1,,1,,,,1,,,1,,,,,,,,,,,,,,,,,,,,
T10,,,,,,,,,,,,,,,,,,,1,1,1,,,,,,,,,,,,,,,,,,,,,,,,,,,,
T11,,,,,,,,,,,,,1,,1,,,,,,,,,,,,,,,,,,,,1,,,1,,,,,,,,,,,
T12,,,,,,,,,,,,,,,,,,,,1,,,,,1,,1,,,,,,,,,,,,,,,,,,,,,,
T13,,,,,,,,,,,,,,,,,,,,1,,,,1,,,,1,,,,,,,,,,,,,,,,,,,,,
T14,,,,,,,,,,,,,1,,,,,,,,1,,,,,,,,1,1,,,,,,,,,,,,,,,,,,,
彰濱光電,,,,,,,,,,,,,,,,,,,,,,,,1,,,,,,,,,,,,,,,,,,,,,,,,,
T15,,,,,,,,,,,,,,,,,,,,,,,,,1,,,,,1,,,,,,,,,,,,,,,,,,,
T16,,,,,,,,,,,,,,,,,,,,1,1,,,,1,1,,,,1,1,,1,,1,,,,,,,,,,,,,,
T17,,,,,,,,,,,,,1,,,,,,,,,,,,,1,,1,1,,1,1,,,1,1,,,,,,,,,,,,,
大觀二,,,,,,,,,,,,,,,,,,,,,,,,,,,,,1,1,,1,,,,,,,,,,,,,,,,,
明潭,,,,,,,,,,,,,,,,,,,,,,,,,,,,,,1,1,,,,,,,,,,,,,,,,,,
麥寮,,,,,,,,,,,,,,,,,,,,,,,,,,,,,1,,,,,1,,,,,,,,,,,,,,,
嘉惠,,,,,,,,,,,,,,,,,,,,,,,,,,,,,,,,,1,,1,,,,,,,,,,,,,,
T18,,,,,,,,,,,,,,,,,,,,,,,1,,,,,,1,1,,,,1,,1,1,,,,,,,,,,,,
森霸,,,,,,,,,,,,,,,,,,,,,,,,,,,,,,1,,,,,1,,,,,1,1,,,,,,,,
T19,,,,,,,,,,,,,,,,,,,,,,,,,,,,,,,,,,,1,,,1,1,,,,,,,,,,
T20,,,,,,,,,,,,,,,,,,,,,,,1,,,,,,,,,,,,1,,1,,1,1,,,,,,,,,
興達,,,,,,,,,,,,,,,,,,,,,,,,,,,,,,,,,,,,,1,1,,,,,,,,,,,
T21,,,,,,,,,,,,,,,,,,,,,,,,,,,,,,,,,,,,1,,1,,,1,1,,,,,,,
T22,,,,,,,,,,,,,,,,,,,,,,,,,,,,,,,,,,,,1,,,,1,,,,,,,,1,1
T23,,,,,,,,,,,,,,,,,,,,,,,,,,,,,,,,,,,,,,,,1,,,,,,1,,,
南部,,,,,,,,,,,,,,,,,,,,,,,,,,,,,,,,,,,,,,,,,,,,1,,,,,
T24,,,,,,,,,,,,,,,,,,,,,,,,,,,,,,,,,,,,,,,,,,,1,,1,,1,,
T25,,,,,,,,,,,,,,,,,,,,,,,,,,,,,,,,,,,,,,,,,,,,1,,1,,,
T26,,,,,,,,,,,,,,,,,,,,,,,,,,,,,,,,,,,,,,,,,,1,,,1,,1,1,
大林,,,,,,,,,,,,,,,,,,,,,,,,,,,,,,,,,,,,,,,,,,,,1,,1,,,
T27,,,,,,,,,,,,,,,,,,,,,,,,,,,,,,,,,,,,,,,,,1,,,,,,,,1
核三,,,,,,,,,,,,,,,,,,,,,,,,,,,,,,,,,,,,,,,,,1,,,,,,,1,